01DAC290,CARD
01DAC291,CARD
01DAC292,CARD
01DAC293,CARD
01DAC294,CARD
01DAC295,CARD
01DAC296,CARD
01DAC297,CARD
01DAC298,CARD
01DAC299,CARD
01DAC300,CARD
01DAC301,CARD
01DAC302,CARD
01DAC303,CARD
01DAC304,CARD
01DAC305,CARD
01DAC306,CARD
01DAC307,CARD
01DAC308,CARD
01DAC309,CARD
01DAC310,CARD
01DAC311,CARD
01DAC312,CARD
01DAC313,CARD
01DAC314,CARD
01DAC315,CARD
01DAC316,CARD
01DAC317,CARD
01DAC318,CARD
01DAC319,CARD
01DAC320,CARD
01DAC321,CARD
01DAC322,CARD
01DAC323,CARD
01DAC324,CARD
01DAC325,CARD
01DAC326,CARD
01DAC327,CARD
01DAC328,CARD
01DAC329,CARD
01DAC330,CARD
01DAC331,CARD
01DAC332,CARD
01DAC333,CARD
01DAC334,CARD
01DAC335,CARD
01DAC336,CARD
01DAC337,CARD
01DAC338,CARD
01DAC339,CARD
01DAC340,CARD
01DAC341,CARD
01DAC342,CARD
01DAC343,CARD
01DAC344,CARD
01DAC345,CARD
01DAC346,CARD
01DAC347,CARD
01DAC348,CARD
01DAC349,CARD
01DAC350,CARD
01DAC351,CARD
01DAC352,CARD
01DAC353,CARD
01DAC354,CARD
01DAC355,CARD
01DAC356,CARD
01DAC357,CARD
01DAC358,CARD
01DAC359,CARD
01DAC360,CARD
01DAC361,CARD
01DAC362,CARD
01DAC363,CARD
01DAC364,CARD
01DAC365,CARD
01DAC366,CARD
01DAC367,CARD
01DAC368,CARD
01DAC369,CARD
01DAC370,CARD
01DAC371,CARD
01DAC372,CARD
01DAC373,CARD
01DAC374,CARD
01DAC375,CARD
01DAC376,CARD
01DAC377,CARD
01DAC378,CARD
01DAC379,CARD
01DAC380,CARD
01DAC381,CARD
01DAC382,CARD
01DAC383,CARD
01DAC384,CARD
01DAC385,CARD
01DAC386,CARD
01DAC387,CARD
01DAC388,CARD
01DAC389,CARD
