order001,jc1,2
order002,jc2,2.1
order003,jc3,2.2
order004,jc4,2.3
order005,jc5,2.4
order006,jc6,2.5
order007,jc7,2.6
order008,jc8,2.7
order009,jc9,2.8
order010,jc10,2.9
order011,jc11,3
order012,jc12,3.1
order013,jc13,3.2
order014,jc14,3.3
order015,jc15,3.4
order016,jc16,3.5
order017,jc17,3.6
order018,jc18,3.7
order019,jc19,3.8
order020,jc20,3.9
order021,jc21,4
order022,jc22,4.1
order023,jc23,4.2
order024,jc24,4.3
order025,jc25,4.4
order026,jc26,4.5
order027,jc27,4.6
order028,jc28,4.7
order029,jc29,4.8
order030,jc30,4.9
order031,jc31,5
order032,jc32,5.1
order033,jc33,5.2
order034,jc34,5.3
order035,jc35,5.4
order036,jc36,5.5
order037,jc37,5.6
order038,jc38,5.7
order039,jc39,5.8
order040,jc40,5.9
order041,jc41,6
order042,jc42,6.1
order043,jc43,6.2
order044,jc44,6.3
order045,jc45,6.4
order046,jc46,6.5
order047,jc47,6.6
order048,jc48,6.7
order049,jc49,6.8
order050,jc50,6.9
order051,jc51,7
order052,jc52,7.1
order053,jc53,7.2
order054,jc54,7.3
order055,jc55,7.4
order056,jc56,7.5
order057,jc57,7.6
order058,jc58,7.7
order059,jc59,7.8
order060,jc60,7.9
order061,jc61,8
order062,jc62,8.1
order063,jc63,8.2
order064,jc64,8.3
order065,jc65,8.4
order066,jc66,8.5
order067,jc67,8.6
order068,jc68,8.7
order069,jc69,8.8
order070,jc70,8.9
order071,jc71,9
order072,jc72,9.1
order073,jc73,9.2
order074,jc74,9.3
order075,jc75,9.4
order076,jc76,9.5
order077,jc77,9.6
order078,jc78,9.7
order079,jc79,9.8
order080,jc80,9.9
order081,jc81,10
order082,jc82,10.1
order083,jc83,10.2
order084,jc84,10.3
order085,jc85,10.4
order086,jc86,10.5
order087,jc87,10.6
order088,jc88,10.7
order089,jc89,10.8
order090,jc90,10.9
order091,jc91,11
order092,jc92,11.1
order093,jc93,11.2
order094,jc94,11.3
order095,jc95,11.4
order096,jc96,11.5
order097,jc97,11.6
order098,jc98,11.7
order099,jc99,11.8
order100,jc100,11.9
order101,jc101,12
order102,jc102,12.1
order103,jc103,12.2
order104,jc104,12.3
order105,jc105,12.4
order106,jc106,12.5
order107,jc107,12.6
order108,jc108,12.7
order109,jc109,12.8
order110,jc110,12.9
order111,jc111,13
order112,jc112,13.1
order113,jc113,13.2
order114,jc114,13.3
order115,jc115,13.4
order116,jc116,13.5
order117,jc117,13.6
order118,jc118,13.7
order119,jc119,13.8
order120,jc120,13.9
order121,jc121,14
order122,jc122,14.1
order123,jc123,14.2
order124,jc124,14.3
order125,jc125,14.4
order126,jc126,14.5
order127,jc127,14.6
order128,jc128,14.7
order129,jc129,14.8
order130,jc130,14.9
order131,jc131,15
order132,jc132,15.1
order133,jc133,15.2
order134,jc134,15.3
order135,jc135,15.4
order136,jc136,15.5
order137,jc137,15.6
order138,jc138,15.7
order139,jc139,15.8
order140,jc140,15.9
order141,jc141,16
order142,jc142,16.1
order143,jc143,16.2
order144,jc144,16.3
order145,jc145,16.4
order146,jc146,16.5
order147,jc147,16.6
order148,jc148,16.7
order149,jc149,16.8
order150,jc150,16.9
order151,jc151,17
order152,jc152,17.1
order153,jc153,17.2
order154,jc154,17.3
order155,jc155,17.4
order156,jc156,17.5
order157,jc157,17.6
order158,jc158,17.7
order159,jc159,17.8
order160,jc160,17.9
order161,jc161,18
order162,jc162,18.1
order163,jc163,18.2
order164,jc164,18.3
order165,jc165,18.4
order166,jc166,18.5
order167,jc167,18.6
order168,jc168,18.7
order169,jc169,18.8
order170,jc170,18.9
order171,jc171,19
order172,jc172,19.1
order173,jc173,19.2
order174,jc174,19.3
order175,jc175,19.4
order176,jc176,19.5
order177,jc177,19.6
order178,jc178,19.7
order179,jc179,19.8
order180,jc180,19.9
order181,jc181,20
order182,jc182,20.1
order183,jc183,20.2
order184,jc184,20.3
order185,jc185,20.4
order186,jc186,20.5
order187,jc187,20.6
order188,jc188,20.7
order189,jc189,20.8
order190,jc190,20.9
order191,jc191,21
order192,jc192,21.1
order193,jc193,21.2
order194,jc194,21.3
order195,jc195,21.4
order196,jc196,21.5
order197,jc197,21.6
order198,jc198,21.7
order199,jc199,21.8
order200,jc200,21.9
order201,jc201,22
order202,jc202,22.1
order203,jc203,22.2
order204,jc204,22.3
order205,jc205,22.4
order206,jc206,22.5
order207,jc207,22.6
order208,jc208,22.7
order209,jc209,22.8
order210,jc210,22.9
order211,jc211,23
order212,jc212,23.1
order213,jc213,23.2
order214,jc214,23.3
order215,jc215,23.4
order216,jc216,23.5
order217,jc217,23.6
order218,jc218,23.7
order219,jc219,23.8
order220,jc220,23.9
order221,jc221,24
order222,jc222,24.1
order223,jc223,24.2
order224,jc224,24.3
order225,jc225,24.4
order226,jc226,24.5
order227,jc227,24.6
order228,jc228,24.7
order229,jc229,24.8
order230,jc230,24.9
order231,jc231,25
order232,jc232,25.1
order233,jc233,25.2
order234,jc234,25.3
order235,jc235,25.4
order236,jc236,25.5
order237,jc237,25.6
order238,jc238,25.7
order239,jc239,25.8
order240,jc240,25.9
order241,jc241,26
order242,jc242,26.1
order243,jc243,26.2
order244,jc244,26.3
order245,jc245,26.4
order246,jc246,26.5
order247,jc247,26.6
order248,jc248,26.7
order249,jc249,26.8
order250,jc250,26.9
order251,jc251,27
order252,jc252,27.1
order253,jc253,27.2
order254,jc254,27.3
order255,jc255,27.4
order256,jc256,27.5
order257,jc257,27.6
order258,jc258,27.7
order259,jc259,27.8
order260,jc260,27.9
order261,jc261,28
order262,jc262,28.1
order263,jc263,28.2
order264,jc264,28.3
order265,jc265,28.4
order266,jc266,28.5
order267,jc267,28.6
order268,jc268,28.7
order269,jc269,28.8
order270,jc270,28.9
order271,jc271,29
order272,jc272,29.1
order273,jc273,29.2
order274,jc274,29.3
order275,jc275,29.4
order276,jc276,29.5
order277,jc277,29.6
order278,jc278,29.7
order279,jc279,29.8
order280,jc280,29.9
order281,jc281,30
order282,jc282,30.1
order283,jc283,30.2
order284,jc284,30.3
order285,jc285,30.4
order286,jc286,30.5
order287,jc287,30.6
order288,jc288,30.7
order289,jc289,30.8
order290,jc290,30.9
order291,jc291,31
order292,jc292,31.1
order293,jc293,31.2
order294,jc294,31.3
order295,jc295,31.4
order296,jc296,31.5
order297,jc297,31.6
order298,jc298,31.7
order299,jc299,31.8
order300,jc300,31.9
order301,jc301,32
order302,jc302,32.1
order303,jc303,32.2
order304,jc304,32.3
order305,jc305,32.4
order306,jc306,32.5
order307,jc307,32.6
order308,jc308,32.7
order309,jc309,32.8
order310,jc310,32.9
order311,jc311,33
order312,jc312,33.1
order313,jc313,33.2
order314,jc314,33.3
order315,jc315,33.4
order316,jc316,33.5
order317,jc317,33.6
order318,jc318,33.7
order319,jc319,33.8
order320,jc320,33.9
order321,jc321,34
order322,jc322,34.1
order323,jc323,34.2
order324,jc324,34.3
order325,jc325,34.4
order326,jc326,34.5
order327,jc327,34.6
order328,jc328,34.7
order329,jc329,34.8
order330,jc330,34.9
order331,jc331,35
order332,jc332,35.1
order333,jc333,35.2
order334,jc334,35.3
order335,jc335,35.4
order336,jc336,35.5
order337,jc337,35.6
order338,jc338,35.7
order339,jc339,35.8
order340,jc340,35.9
order341,jc341,36
order342,jc342,36.1
order343,jc343,36.2
order344,jc344,36.3
order345,jc345,36.4
order346,jc346,36.5
order347,jc347,36.6
order348,jc348,36.7
order349,jc349,36.8
order350,jc350,36.9
order351,jc351,37
order352,jc352,37.1
order353,jc353,37.2
order354,jc354,37.3
order355,jc355,37.4
order356,jc356,37.5
order357,jc357,37.6
order358,jc358,37.7
order359,jc359,37.8
order360,jc360,37.9
order361,jc361,38
order362,jc362,38.1
order363,jc363,38.2
order364,jc364,38.3
order365,jc365,38.4
order366,jc366,38.5
order367,jc367,38.6
order368,jc368,38.7
order369,jc369,38.8
order370,jc370,38.9
order371,jc371,39
order372,jc372,39.1
order373,jc373,39.2
order374,jc374,39.3
order375,jc375,39.4
order376,jc376,39.5
order377,jc377,39.6
order378,jc378,39.7
order379,jc379,39.8
order380,jc380,39.9
order381,jc381,40
order382,jc382,40.1
order383,jc383,40.2
order384,jc384,40.3
order385,jc385,40.4
order386,jc386,40.5
order387,jc387,40.6
order388,jc388,40.7
order389,jc389,40.8
order390,jc390,40.9
order391,jc391,41
order392,jc392,41.1
order393,jc393,41.2
order394,jc394,41.3
order395,jc395,41.4
order396,jc396,41.5
order397,jc397,41.6
order398,jc398,41.7
order399,jc399,41.8
order400,jc400,41.9
order401,jc401,42
order402,jc402,42.1
order403,jc403,42.2
order404,jc404,42.3
order405,jc405,42.4
order406,jc406,42.5
order407,jc407,42.6
order408,jc408,42.7
order409,jc409,42.8
order410,jc410,42.9
order411,jc411,43
order412,jc412,43.1
order413,jc413,43.2
order414,jc414,43.3
order415,jc415,43.4
order416,jc416,43.5
order417,jc417,43.6
order418,jc418,43.7
order419,jc419,43.8
order420,jc420,43.9
order421,jc421,44
order422,jc422,44.1
order423,jc423,44.2
order424,jc424,44.3
order425,jc425,44.4
order426,jc426,44.5
order427,jc427,44.6
order428,jc428,44.7
order429,jc429,44.8
order430,jc430,44.9
order431,jc431,45
order432,jc432,45.1
order433,jc433,45.2
order434,jc434,45.3
order435,jc435,45.4
order436,jc436,45.5
order437,jc437,45.6
order438,jc438,45.7
order439,jc439,45.8
order440,jc440,45.9
order441,jc441,46
order442,jc442,46.1
order443,jc443,46.2
order444,jc444,46.3
order445,jc445,46.4
order446,jc446,46.5
order447,jc447,46.6
order448,jc448,46.7
order449,jc449,46.8
order450,jc450,46.9
order451,jc451,47
order452,jc452,47.1
order453,jc453,47.2
order454,jc454,47.3
order455,jc455,47.4
order456,jc456,47.5
order457,jc457,47.6
order458,jc458,47.7
order459,jc459,47.8
order460,jc460,47.9
order461,jc461,48
order462,jc462,48.1
order463,jc463,48.2
order464,jc464,48.3
order465,jc465,48.4
order466,jc466,48.5
order467,jc467,48.6
order468,jc468,48.7
order469,jc469,48.8
order470,jc470,48.9
order471,jc471,49
order472,jc472,49.1
order473,jc473,49.2
order474,jc474,49.3
order475,jc475,49.4
order476,jc476,49.5
order477,jc477,49.6
order478,jc478,49.7
order479,jc479,49.8
order480,jc480,49.9
order481,jc481,50
order482,jc482,50.1
order483,jc483,50.2
order484,jc484,50.3
order485,jc485,50.4
order486,jc486,50.5
order487,jc487,50.6
order488,jc488,50.7
order489,jc489,50.8
order490,jc490,50.9
order491,jc491,51
order492,jc492,51.1
order493,jc493,51.2
order494,jc494,51.3
order495,jc495,51.4
order496,jc496,51.5
order497,jc497,51.6
order498,jc498,51.7
order499,jc499,51.8
order500,jc500,51.9
